{
  "average_results": {
    "Perfect Knowledge RL": 299.04089685359145,
    "Proactive RL": 291.51184625075985,
    "Reactive RL": 252.75239334543053,
    "Rule-Based RL": 282.91468522823527,
    "Static RL (dynamic)": 626.8919286949998,
    "Static RL (static)": 408.94115337642444,
    "Best Heuristic": 272.24281804381474,
    "MILP Optimal": 265.0
  },
  "std_results": {
    "Perfect Knowledge RL": 0.0,
    "Proactive RL": 0.0,
    "Reactive RL": 0.0,
    "Rule-Based RL": 0.0,
    "Static RL (dynamic)": 0.0,
    "Static RL (static)": 0.0,
    "Best Heuristic": 0.0,
    "MILP Optimal": 0.0
  },
  "all_results": {
    "Perfect Knowledge RL": [
      299.04089685359145
    ],
    "Proactive RL": [
      291.51184625075985
    ],
    "Reactive RL": [
      252.75239334543053
    ],
    "Rule-Based RL": [
      282.91468522823527
    ],
    "Static RL (dynamic)": [
      626.8919286949998
    ],
    "Static RL (static)": [
      408.94115337642444
    ],
    "Best Heuristic": [
      272.24281804381474
    ],
    "MILP Optimal": [
      265.0
    ]
  },
  "arrival_rate": 0.05,
  "num_scenarios": 1
}