{
  "average_results": {
    "Perfect Knowledge RL": 113.19100451316679,
    "Proactive RL": 125.96279522971854,
    "Reactive RL": 118.66697355369622,
    "Rule-Based RL": 140.1053396815435,
    "Static RL (dynamic)": 140.4828848417814,
    "Static RL (static)": 110.97593773974137,
    "Best Heuristic": 117.42955535864465,
    "MILP Optimal": 97.0
  },
  "std_results": {
    "Perfect Knowledge RL": 0.0,
    "Proactive RL": 0.0,
    "Reactive RL": 0.0,
    "Rule-Based RL": 0.0,
    "Static RL (dynamic)": 0.0,
    "Static RL (static)": 0.0,
    "Best Heuristic": 0.0,
    "MILP Optimal": 0.0
  },
  "all_results": {
    "Perfect Knowledge RL": [
      113.19100451316679
    ],
    "Proactive RL": [
      125.96279522971854
    ],
    "Reactive RL": [
      118.66697355369622
    ],
    "Rule-Based RL": [
      140.1053396815435
    ],
    "Static RL (dynamic)": [
      140.4828848417814
    ],
    "Static RL (static)": [
      110.97593773974137
    ],
    "Best Heuristic": [
      117.42955535864465
    ],
    "MILP Optimal": [
      97.0
    ]
  },
  "arrival_rate": 0.1,
  "num_scenarios": 1
}