{
  "average_results": {
    "Perfect Knowledge RL": 60.2222344378183,
    "Proactive RL": 59.83942037000928,
    "Reactive RL": 66.8353076581979,
    "Rule-Based RL": 74.74468150604696,
    "Static RL (dynamic)": 63.193739321116254,
    "Static RL (static)": 55.08699310739018,
    "Best Heuristic": 64.26227268122355,
    "MILP Optimal": 48.0
  },
  "std_results": {
    "Perfect Knowledge RL": 0.0,
    "Proactive RL": 0.0,
    "Reactive RL": 0.0,
    "Rule-Based RL": 0.0,
    "Static RL (dynamic)": 0.0,
    "Static RL (static)": 0.0,
    "Best Heuristic": 0.0,
    "MILP Optimal": 0.0
  },
  "all_results": {
    "Perfect Knowledge RL": [
      60.2222344378183
    ],
    "Proactive RL": [
      59.83942037000928
    ],
    "Reactive RL": [
      66.8353076581979
    ],
    "Rule-Based RL": [
      74.74468150604696
    ],
    "Static RL (dynamic)": [
      63.193739321116254
    ],
    "Static RL (static)": [
      55.08699310739018
    ],
    "Best Heuristic": [
      64.26227268122355
    ],
    "MILP Optimal": [
      48.0
    ]
  },
  "arrival_rate": 0.25,
  "num_scenarios": 1
}